Fertility,N,P,K,pH,EC,S,Zn,Fe,Cu,Mn,B,OM
0,0.2389,0.3065,0.5008,0.3731,0.56,0.3413,0.2459,0.0097,0.3487,0.4392,0.0568,0.5128
2,0.8599,0.6452,0.2828,0.9701,0.3733,0.5437,0.6885,0.3008,0.5077,0.4648,0.2955,0.9145
0,0.5796,0.2796,0.5008,0.2612,0.5733,0.7937,0.3279,0.0213,0.2462,0.3892,0.7727,0.5812
0,0.5796,0.2903,0.5008,0.4627,0.72,0.5238,0.377,0.0725,0.759,0.1307,0.6023,0.6239
0,0.379,0.4194,0.7346,0.3881,0.4933,1.0,0.8197,0.0687,0.5436,0.3361,0.6705,0.8632
0,0.1401,0.2903,0.5829,0.3507,0.3067,0.4444,0.1475,0.0716,0.4103,0.1047,0.7727,0.5556
1,0.6975,0.2903,0.3507,0.3284,0.7467,0.0714,0.4754,0.0513,0.6872,0.1343,1.0,0.4359
0,0.4395,0.129,0.4171,0.4776,0.44,0.7349,0.377,0.881,0.3077,0.4556,0.7159,0.2479
0,0.2803,0.1613,0.534,0.4776,0.3733,0.2317,0.541,0.3714,0.4974,0.2651,0.2614,0.6667
0,0.0382,0.2688,0.1327,0.6269,0.6133,0.4476,0.6721,0.6876,0.4,0.3172,0.3864,0.0
0,0.5382,0.1613,0.0506,0.5522,0.3067,0.304,0.623,0.6103,0.7333,0.4055,0.2955,0.4957
0,0.4586,0.2473,0.4834,0.5522,0.6933,0.1365,0.4426,0.4207,0.959,0.6593,0.6932,0.3333
1,0.6401,0.1882,0.3997,0.7015,0.24,0.1841,0.7049,0.7592,0.6308,0.736,0.4545,0.5812
1,0.8376,0.2097,0.3839,0.6269,0.8267,0.2079,0.8033,0.4226,0.3949,0.5827,0.7727,0.8291
1,0.7389,0.1022,0.1327,0.4776,0.3067,0.1365,0.541,0.7176,0.2154,0.4556,0.9091,0.6667
0,0.2006,0.3065,0.3333,0.5522,0.56,0.4714,0.377,0.881,0.6462,0.2421,0.2386,0.2479
0,0.4586,0.2097,0.1327,0.4776,0.68,0.4952,0.7869,0.3685,0.5949,0.3172,0.1932,0.4957
0,0.4777,0.2312,0.1501,0.5522,0.3067,0.2079,0.8033,0.911,0.3949,0.4193,0.3182,0.0855
0,0.0191,0.0806,0.4171,0.5522,0.44,0.2802,0.4918,0.3685,0.4821,0.6609,0.2159,0.0
0,0.5,0.1613,0.4676,0.403,0.2933,0.3278,0.3934,0.7843,0.6974,0.4862,0.2955,0.1624
0,0.3185,0.2796,0.3997,0.403,0.76,0.3754,0.6885,0.5629,0.6308,0.3841,0.3864,0.9145
0,0.2389,0.172,0.1659,0.3284,0.28,0.2317,0.3115,0.4487,0.3897,0.6609,0.2614,0.6667
0,0.0796,0.2473,0.3175,0.403,0.7467,0.4952,0.7049,0.3714,0.7897,0.3841,0.3182,0.0
0,0.4204,0.1022,0.2828,0.3284,0.4267,0.3278,0.3934,0.7843,0.6974,0.4862,0.2955,0.1624
0,0.5987,0.2097,0.2338,0.4776,0.2133,0.2079,0.6393,0.4652,0.2769,0.3023,0.2159,0.6667
0,0.4586,0.2473,0.267,0.3284,0.5467,0.3278,0.7049,0.881,0.4769,0.5884,0.8182,0.0
0,0.5,0.0914,0.2496,0.5522,0.4267,0.2079,0.2459,0.3685,0.6205,0.3779,0.2614,0.5812
0,0.5987,0.2473,0.2164,0.4776,0.7467,0.7349,0.3115,0.4836,0.3077,0.618,0.5341,0.8291
0,0.5573,0.2204,0.5166,0.5522,0.44,0.304,0.8852,0.295,0.4923,0.2625,0.625,0.6667
0,0.1783,0.2903,0.3175,0.4776,0.7467,0.4952,0.5246,0.3714,0.9897,0.2421,0.4545,0.3333
0,0.3185,0.1613,0.3175,0.403,0.44,0.6389,0.7049,0.2592,0.7641,0.6711,0.2614,0.4957
0,0.4586,0.2903,0.5829,0.403,0.3467,0.2079,0.4262,0.5909,0.3026,0.4285,0.5568,0.0855
0,0.2389,0.1613,0.5671,0.403,0.2933,0.2802,0.8361,0.706,0.3538,0.3172,0.7727,0.9145
0,0.2006,0.2312,0.3002,0.403,0.6,0.5675,0.7049,0.2843,0.4923,0.3596,0.9545,0.7521
0,0.2994,0.2097,0.3665,0.3284,0.3333,0.4952,0.6393,0.3975,0.959,0.4806,0.2841,0.6667
0,0.4395,0.1989,0.6509,0.4776,0.5867,0.3754,0.5246,0.1431,0.759,0.5587,0.5341,0.0
0,0.6178,0.3065,0.3507,0.3284,0.32,0.2317,0.4426,0.5822,0.3026,0.7171,0.3864,0.5812
0,0.4395,0.2581,0.1327,0.403,0.5333,0.6873,0.2623,0.3714,0.2103,0.6226,0.2955,0.4188
0,0.5987,0.2796,0.4676,0.4776,0.6933,0.4,0.459,0.3191,0.4821,0.736,0.6023,0.4957
0,0.4395,0.1022,0.3997,0.403,0.44,0.304,0.2623,0.53,0.9897,0.3866,0.6705,0.3333
1,0.8599,0.2204,0.2828,0.403,0.3733,0.6389,0.4918,0.3569,0.9231,0.6711,0.5341,0.0
1,0.8185,0.2903,0.1833,0.3284,0.44,0.2802,0.7049,0.3781,0.4,0.3095,0.3864,0.9145
0,0.5382,0.1129,0.5008,0.3284,0.7467,0.2103,0.541,0.1779,0.4923,0.6098,0.2841,0.1624
1,0.8376,0.129,0.4834,0.4776,0.8267,0.5675,0.7869,0.1712,0.7897,0.3202,0.7614,0.4188
0,0.4204,0.1398,0.4171,0.3284,0.5467,0.7349,0.4262,0.294,0.3538,0.2247,0.1705,0.0
1,0.8981,0.2097,0.3997,0.5522,0.4933,0.6389,0.3279,0.589,0.7282,0.4704,0.3182,0.6667
1,0.6178,0.2796,0.6177,0.4776,0.8133,0.2317,0.7869,0.677,0.7897,0.5817,0.5341,0.2479
0,0.5987,0.1022,0.3175,0.3284,0.4533,0.4476,0.6393,0.381,0.4564,0.6849,0.3864,0.4188
0,0.5191,0.172,0.6335,0.3284,0.48,0.304,0.3279,0.295,0.4923,0.7222,0.2614,0.1624
1,0.6401,0.2312,0.3997,0.4776,0.56,0.6627,0.4098,0.6112,0.9128,0.3136,0.4091,0.0
0,0.4777,0.2097,0.5829,0.5522,0.5333,0.2802,0.6885,0.1605,0.7744,0.4704,0.2159,0.5812
0,0.2197,0.1882,0.4329,0.403,0.5467,0.4714,0.6066,0.4652,0.3077,0.3596,0.7386,0.3333
0,0.4204,0.1989,0.8009,0.403,0.44,0.3278,0.3115,0.5919,0.3128,0.5848,0.8182,0.4957
0,0.4395,0.129,0.6177,0.403,0.64,0.2317,0.6885,0.5822,0.9231,0.3544,0.5341,0.6667
0,0.1178,0.2903,0.684,0.4776,0.52,0.5675,0.2951,0.3714,0.2205,0.7921,0.3864,0.0
0,0.5382,0.2204,0.3175,0.4776,0.56,0.7111,0.4918,0.6905,0.2923,0.379,0.2386,1.0
0,0.0191,0.1613,0.5829,0.4776,0.4267,0.2079,0.6885,0.6074,0.4923,0.4704,0.2841,0.4957
0,0.0,0.2903,0.3997,0.3284,0.56,0.4238,0.7869,0.5909,0.6308,0.6369,0.6477,0.6667
0,0.4395,0.3065,0.4171,0.5522,0.6933,0.2079,0.6557,0.8027,0.3385,0.3172,0.7955,0.0
1,0.9395,0.2903,0.1501,0.3284,0.5867,0.4714,0.4262,0.2195,0.7385,0.6016,0.5,0.5812
0,0.0,0.2204,0.2828,0.4776,0.4933,0.2563,0.2787,0.2843,0.959,0.4571,0.3636,0.4188
0,0.4204,0.2473,0.3175,0.403,0.5867,0.6587,0.4098,0.3443,0.4513,0.3943,0.125,0.0427
0,0.4586,0.1613,0.4171,0.403,0.4667,0.1746,0.4262,0.293,0.4051,0.3999,0.1477,0.2906
0,0.2006,0.2903,0.3997,0.4776,0.5467,0.6349,0.5082,0.324,0.3333,0.4362,0.0341,0.3162
0,0.0796,0.2312,0.2338,0.4776,0.5733,0.3889,0.2787,0.3337,0.2308,0.4234,0.0227,0.1624
0,0.3185,0.328,0.1501,0.403,0.36,0.4444,0.2787,0.3511,0.2872,0.4678,0.0568,0.7436
0,0.2389,0.2581,0.3333,0.4776,0.5067,0.4683,0.3934,0.3607,0.2615,0.4561,0.0682,0.188
0,0.3981,0.0914,0.4834,0.5522,0.44,0.5,0.4098,0.3172,0.1744,0.4259,0.0682,0.1453
0,0.4204,0.2903,0.3665,0.4776,0.2933,0.7698,0.3279,0.324,0.2359,0.4367,0.125,0.0427
0,0.4204,0.2796,0.1327,0.4851,0.6267,0.5556,0.2295,0.3114,0.3128,0.43,0.1364,0.094
1,0.6401,0.2312,0.3175,0.3806,0.3333,0.381,0.0984,0.3617,0.3436,0.4362,0.0568,0.2137
0,0.379,0.2581,0.4171,0.3731,0.44,0.2222,0.2623,0.207,0.2359,0.3795,0.0909,0.1624
0,0.3981,0.129,0.3997,0.4179,0.32,0.9127,0.4426,0.2882,0.3077,0.4025,0.125,0.2137
0,0.2197,0.2097,0.5166,0.3507,0.4267,0.5794,0.4426,0.266,0.3641,0.4367,0.1364,0.2393
0,0.4777,0.129,0.3002,0.3881,0.76,0.3492,0.459,0.2476,0.4,0.451,0.0568,0.3162
0,0.258,0.2903,0.2006,0.3731,0.64,0.1667,0.2623,0.2263,0.4615,0.4208,0.0227,0.3675
0,0.379,0.1613,0.4834,0.4552,0.7733,0.3175,0.3279,0.266,0.4513,0.4336,0.0909,0.2137
0,0.379,0.1022,0.3002,0.4925,0.32,0.4206,0.459,0.2853,0.4,0.4418,0.1136,0.1624
0,0.2197,0.2312,0.5008,0.4328,0.8133,0.4444,0.4918,0.3211,0.441,0.4658,0.1364,0.0171
0,0.2389,0.172,0.3333,0.5746,0.6133,0.4841,0.459,0.265,0.5179,0.3851,0.0568,0.7436
0,0.4586,0.1613,0.2338,0.4627,0.7733,0.5794,0.3279,0.2253,0.5692,0.3979,0.0795,0.5641
0,0.1592,0.1129,0.2006,0.4776,0.8267,0.6746,0.1639,0.2456,0.4513,0.4009,0.1364,0.5214
0,0.5,0.2204,0.1833,0.5299,0.7733,0.6349,0.3279,0.2311,0.3897,0.4168,0.0568,0.2137
0,0.2006,0.2796,0.1501,0.3284,0.6267,0.6587,0.4098,0.2369,0.4513,0.4311,0.0682,0.1624
0,0.3185,0.2097,0.1327,0.306,0.4133,0.5794,0.4262,0.2631,0.4513,0.4203,0.0682,0.2393
0,0.4395,0.2581,0.3333,0.2612,0.32,0.5873,0.2787,0.293,0.4923,0.4259,0.0568,0.3162
0,0.1178,0.2903,0.5166,0.3582,0.28,0.9603,0.4098,0.2785,0.5692,0.454,0.0682,0.2137
0,0.0191,0.2204,0.5008,0.2985,0.36,0.2222,0.3279,0.2756,0.5026,0.4673,0.0682,0.265
1,0.7197,0.2688,0.3507,0.3433,0.3067,0.5794,0.4426,0.293,0.3487,0.4913,0.0909,0.2137
1,0.7994,0.2312,0.2338,0.4851,0.4267,0.1667,0.4098,0.2534,0.4154,0.4367,0.1364,0.3162
1,0.758,0.2097,0.3997,0.4552,0.64,0.9127,0.2623,0.236,0.4513,0.4203,0.0568,0.7692
1,0.7197,0.2903,0.4171,0.3657,0.3867,0.2381,0.5082,0.266,0.4513,0.4157,0.0682,0.1624
0,0.5,0.1613,0.3333,0.3507,0.6267,0.5794,0.3934,0.2834,0.3897,0.4525,0.0682,0.0171
0,0.5382,0.2581,0.4834,0.3134,0.3067,0.4444,0.4098,0.294,0.3333,0.4219,0.125,0.2906
0,0.3599,0.2473,0.4676,0.4328,0.6,0.4206,0.4262,0.3221,0.3897,0.4566,0.1364,0.3162
0,0.3981,0.1882,0.3997,0.4701,0.3733,0.4444,0.4098,0.2466,0.4667,0.4928,0.0568,0.2137
0,0.0796,0.2097,0.4676,0.3507,0.4267,0.2222,0.2623,0.2544,0.3795,0.4969,0.0682,0.3675
0,0.0605,0.2473,0.4171,0.4851,0.36,0.7698,0.459,0.266,0.4359,0.451,0.125,0.3419
0,0.3376,0.1613,0.1501,0.4552,0.28,0.5556,0.2951,0.2843,0.4615,0.4586,0.1477,0.4701
0,0.5796,0.172,0.3997,0.3433,0.5067,0.0714,0.2459,0.2544,0.4359,0.3892,0.0114,0.1197
1,0.6592,0.2688,0.0158,0.3881,0.4933,0.119,0.2459,0.2205,0.2205,0.3897,0.0909,0.4188
1,0.8981,0.2796,0.1501,0.2612,0.28,0.3492,0.4098,0.2137,0.2872,0.4356,0.1023,0.641
1,0.8599,0.2581,0.0506,0.4328,0.4667,0.4683,0.4426,0.2244,0.1897,0.4367,0.1364,0.3162
1,0.6975,0.2097,0.0995,0.2463,0.56,0.381,0.2951,0.236,0.2462,0.4259,0.0455,0.2906
1,0.6975,0.2903,0.3839,0.3806,0.4133,0.127,0.2787,0.2369,0.2821,0.4321,0.0909,0.5214
1,0.6592,0.2796,0.0837,0.3358,0.5733,0.2063,0.4098,0.2195,0.2769,0.4372,0.1023,0.5641
1,0.7197,0.172,0.1833,0.3209,0.5067,0.3492,0.3934,0.2079,0.2923,0.3892,0.0341,0.2906
0,0.4395,0.2473,0.2338,0.3358,0.4533,0.4444,0.2295,0.2099,0.3487,0.3948,0.1818,0.3675
0,0.4777,0.2903,0.3175,0.291,0.6267,0.373,0.2787,0.2002,0.2,0.4254,0.2045,0.6667
1,0.6592,0.1882,0.4676,0.4552,0.5467,0.254,0.2951,0.2186,0.2205,0.3493,0.1705,0.1368
0,0.4586,0.1613,0.1659,0.4328,0.52,0.1111,0.459,0.3124,0.2821,0.3754,0.1364,0.1624
1,0.7389,0.2903,0.5671,0.5373,0.4133,0.119,0.4098,0.2253,0.1744,0.3682,0.0455,0.4444
0,0.5987,0.129,0.1501,0.5746,0.4933,0.127,0.2295,0.2389,0.1795,0.3641,0.0341,0.6154
1,0.6783,0.2097,0.4171,0.4104,0.28,0.1905,0.2459,0.2379,0.2462,0.3233,0.1364,0.3419
0,0.3185,0.2473,0.1833,0.4925,0.6267,0.2302,0.2459,0.2456,0.2821,0.3294,0.1705,0.3162
0,0.4777,0.2204,0.1327,0.5597,0.6267,0.2778,0.2623,0.3143,0.3436,0.427,0.0455,0.547
0,0.4586,0.172,0.3333,0.3284,0.3067,0.0714,0.4262,0.3598,0.4051,0.4377,0.0,0.0171
0,0.4363,0.2097,0.2338,0.5299,0.6933,0.1111,0.459,0.2631,0.4462,0.4362,0.0114,0.2137
1,0.758,0.2312,0.267,0.5597,0.5867,0.1905,0.3279,0.234,0.3795,0.3907,0.0341,0.188
0,0.3981,0.1882,0.2828,0.6119,0.48,0.2063,0.2295,0.2427,0.1744,0.3897,0.0227,0.3675
0,0.4395,0.2473,0.3507,0.5597,0.3733,0.2778,0.2131,0.2573,0.3231,0.3887,0.1364,0.3419
0,0.4586,0.1613,0.0,0.4925,0.3333,0.4444,0.2459,0.2186,0.3282,0.3841,0.1705,0.5641
1,0.7771,0.1989,0.2496,0.4254,0.68,0.1111,0.4098,0.2631,0.2974,0.3948,0.2045,0.6154
0,0.4586,0.2581,0.2164,0.5075,0.6267,0.2063,0.2787,0.3598,0.3026,0.4464,0.2386,0.1368
1,0.8376,0.2903,0.0664,0.3134,0.8267,0.2143,0.2951,0.3308,0.2769,0.452,0.1364,0.6667
1,0.6592,0.2097,0.0837,0.4701,0.1733,0.2778,0.2787,0.3414,0.3333,0.4402,0.1023,0.3932
0,0.4204,0.1022,0.3997,0.3507,0.6267,0.1508,0.2951,0.2166,0.3333,0.3381,0.1364,0.641
0,0.379,0.2903,0.1501,0.4851,0.5067,0.2063,0.2787,0.2273,0.3179,0.3943,0.1136,0.6667
1,0.7389,0.1022,0.1659,0.6045,0.5467,0.0714,0.2623,0.2544,0.0154,0.3892,0.0114,0.1197
0,0.2803,0.2473,0.1327,0.5,0.7067,0.254,0.3934,0.2205,0.2769,0.3636,0.1364,0.1624
1,0.8599,0.1613,0.2338,0.3582,0.6133,0.2698,0.2787,0.3191,0.0821,0.3698,0.1023,0.1368
0,0.2994,0.1882,0.1327,0.3657,0.1867,0.2778,0.4262,0.2273,0.0256,0.4413,0.0909,0.3419
1,0.9777,0.1129,0.3997,0.4925,0.28,0.3651,0.4098,0.2157,0.0821,0.4213,0.0341,0.5641
0,0.3185,0.1613,0.1169,0.3507,0.24,0.1508,0.4098,0.3114,0.0359,0.4193,0.0455,0.4188
1,1.0,0.2097,0.1327,0.4104,0.8667,0.1905,0.2623,0.3308,0.5077,0.3948,0.0795,0.1368
1,0.6401,0.2688,0.2338,0.2836,0.5467,0.1111,0.2623,0.2157,0.0667,0.3744,0.1705,0.1197
1,0.9395,0.2312,0.1833,0.3955,0.6267,0.0714,0.2787,0.235,0.1026,0.38,0.1477,0.3419
1,0.8185,0.0914,0.2828,0.3134,0.44,0.3492,0.2459,0.2447,0.0462,0.3856,0.0114,0.5641
0,0.2006,0.2473,0.3175,0.5299,0.6667,0.4365,0.4262,0.2147,0.959,0.3912,0.0455,0.547
1,0.8599,0.2097,0.1327,0.4254,0.56,0.1508,0.2787,0.3124,0.1846,0.3948,0.0682,0.2393
0,0.4777,0.3065,0.1659,0.4925,0.5867,0.1905,0.2951,0.3133,0.3949,0.4249,0.0795,0.0427
0,0.5796,0.1613,0.0664,0.4851,0.68,0.254,0.4098,0.2273,0.0051,0.3795,0.1023,0.1197
0,0.2994,0.1129,0.2496,0.4627,0.3333,0.1508,0.377,0.2379,0.2821,0.3749,0.1477,0.094
0,0.4777,0.1505,0.4171,0.5224,0.5733,0.254,0.3934,0.2447,0.3282,0.3866,0.1364,0.3162
0,0.0605,0.2473,0.2338,0.5149,0.7733,0.3492,0.2951,0.4091,0.3795,0.3892,0.1705,0.5641
0,0.4204,0.1613,0.2828,0.5224,0.44,0.4365,0.2951,0.3124,0.1744,0.4408,0.2159,0.547
0,0.1178,0.2097,0.5008,0.5597,0.6267,0.3651,0.4754,0.2166,0.7436,0.4157,0.0114,0.7949
0,0.5573,0.1505,0.3333,0.4851,0.56,0.1508,0.4098,0.2273,0.5179,0.3703,0.0909,0.8462
0,0.6178,0.1882,0.0,0.3507,0.5067,0.1825,0.4098,0.3414,0.3846,0.451,0.0795,0.1368
0,0.3981,0.1505,0.1169,0.4179,0.56,0.2063,0.2623,0.3114,0.0,0.4459,0.0227,0.1624
0,0.258,0.2903,0.0837,0.3806,0.5067,0.1508,0.2459,0.3114,0.4308,0.3749,0.0341,0.3675
0,0.5573,0.2097,0.1327,0.4328,0.3067,0.254,0.4262,0.2157,0.4308,0.3703,0.0341,0.5897
0,0.2994,0.1129,0.3175,0.2761,0.52,0.3651,0.4098,0.2166,0.3795,0.4019,0.1364,0.5641
0,0.4204,0.2097,0.2338,0.3881,0.2267,0.1508,0.2295,0.2273,0.2718,0.3698,0.0455,0.0427
0,0.0,0.1613,0.3333,0.4254,0.6,0.3492,0.2295,0.3114,0.1744,0.4152,0.1364,0.0171
0,0.5573,0.2312,0.3175,0.4104,0.5067,0.304,0.4754,0.6615,0.7538,0.4351,0.7614,0.0
0,0.3185,0.2473,0.5008,0.3507,0.52,0.4714,0.6885,0.4275,0.3897,0.6502,0.4773,0.3333
0,0.5382,0.172,0.2338,0.3806,0.5733,0.6873,0.8361,0.7553,0.7385,0.4862,0.2955,0.0855
0,0.4586,0.2473,0.3175,0.5075,0.32,0.5675,0.7213,0.5116,0.5949,0.6711,0.4091,0.2479
0,0.2389,0.1989,0.1169,0.4254,0.44,0.7587,0.4262,0.706,0.3641,0.5914,0.3182,0.8291
0,0.5987,0.2473,0.1833,0.3358,0.4133,0.2317,0.3279,0.4207,0.6462,0.6369,0.7159,0.4957
0,0.4586,0.2097,0.3002,0.4552,0.56,0.519,0.8689,0.7573,0.8462,0.4862,0.8409,0.2479
1,0.7771,0.2312,0.1501,0.3358,0.2933,0.8063,0.623,0.4884,0.2872,0.5832,0.5795,0.5812
0,0.6401,0.129,0.2828,0.5299,0.5733,0.4,0.6885,0.8752,0.3846,0.4316,0.4773,0.3333
0,0.6178,0.2796,0.3175,0.4925,0.4133,0.1603,0.7869,0.7553,0.9026,0.4811,0.4091,0.4188
0,0.258,0.1129,0.1327,0.5597,0.68,0.4952,0.4426,0.4662,0.3077,0.5592,0.2841,0.2479
0,0.5987,0.1505,0.0506,0.4254,0.4533,0.6151,0.623,0.8714,0.4769,0.2543,0.4318,0.6667
0,0.379,0.2473,0.1501,0.4104,0.5467,0.0952,0.2459,0.2544,0.4359,0.3892,0.0909,0.1624
1,0.7197,0.6237,0.4834,0.1642,0.5867,0.119,0.2295,0.2157,0.1692,0.3386,0.2045,0.1368
0,0.0382,0.2796,0.1327,0.4851,0.4133,0.2063,0.2623,0.3017,0.241,0.3391,0.1364,0.3675
0,0.5,0.328,0.2496,0.5299,0.56,0.1508,0.2295,0.2573,0.1949,0.3907,0.1705,0.5897
1,0.6975,0.2204,0.2496,0.5597,0.3733,0.0714,0.2459,0.2195,0.2974,0.3846,0.0455,0.0684
0,0.4204,0.1989,0.2338,0.5149,0.4533,0.1508,0.4098,0.2147,0.3333,0.2314,0.0682,0.1197
0,0.3599,0.3065,0.4171,0.5299,0.5067,0.254,0.2951,0.324,0.2821,0.287,0.0341,0.5897
0,0.379,0.2581,0.3175,0.5672,0.48,0.1984,0.2951,0.2389,0.2359,0.3401,0.0,0.6154
0,0.5191,0.2903,0.3507,0.5373,0.56,0.3492,0.2951,0.2195,0.1795,0.3401,0.1477,0.3419
0,0.6178,0.2688,0.2164,0.5522,0.5867,0.4444,0.4098,0.3124,0.2974,0.3437,0.0341,0.3162
1,0.6783,0.3387,0.1501,0.5597,0.3733,0.1508,0.2459,0.2253,0.2821,0.3912,0.0682,0.5641
1,0.6592,0.328,0.3665,0.5149,0.32,0.254,0.2459,0.3308,0.3333,0.3902,0.1023,0.5214
0,0.5382,0.2204,0.3507,0.4925,0.4533,0.3651,0.4426,0.2524,0.2821,0.4295,0.0455,0.2906
0,0.5796,0.3602,0.4502,0.6045,0.4267,0.1508,0.2951,0.2147,0.2769,0.3754,0.0227,0.547
0,0.5987,0.328,0.3175,0.5149,0.5333,0.2063,0.3115,0.3414,0.3282,0.4351,0.0114,0.5214
0,0.4777,0.3065,0.3002,0.5,0.6,0.2937,0.4918,0.3414,0.2872,0.3887,0.1364,0.1197
1,0.879,0.2473,0.6667,0.4776,0.4667,0.2063,0.3115,0.352,0.1744,0.3381,0.1705,0.4957
1,0.9172,0.6452,0.1327,0.3284,0.32,0.1746,0.3279,0.2176,0.2769,0.3887,0.0455,0.6154
0,0.6401,0.1129,0.3839,0.403,0.3467,0.2063,0.2951,0.2186,0.2923,0.4413,0.0682,0.3419
1,0.9395,0.5054,0.5829,0.2537,0.44,0.1508,0.2459,0.2292,0.3333,0.4397,0.0682,0.3419
1,0.9777,0.4462,0.6509,0.1045,0.6267,0.1905,0.2295,0.234,0.3282,0.4249,0.1023,0.1197
1,0.8599,0.2204,0.534,0.6269,0.64,0.1984,0.2295,0.3404,0.3385,0.379,0.1364,0.3675
1,0.6975,0.3763,0.2338,0.1791,0.4267,0.2143,0.2459,0.3443,0.2872,0.3846,0.0455,0.0427
1,0.758,0.5376,0.6177,0.4776,0.5333,0.3492,0.2459,0.2147,0.3538,0.3866,0.0682,0.6154
1,0.8599,0.1989,0.7678,0.1791,0.1467,0.4365,0.2459,0.264,0.3795,0.3841,0.1023,0.2393
1,0.7994,0.457,0.3665,0.3284,0.1467,0.2302,0.2787,0.2553,0.1846,0.3304,0.0455,0.265
1,0.9172,0.2097,0.9005,0.403,0.3067,0.1508,0.3115,0.2195,0.0154,0.3887,0.0114,0.1197
1,0.879,0.2796,0.4834,0.2537,0.2133,0.1984,0.2951,0.2292,0.2769,0.3744,0.0341,0.1368
1,0.6401,0.6129,0.3839,0.3284,0.6,0.2857,0.2951,0.2186,0.1846,0.3795,0.0227,0.4188
0,0.3376,0.129,0.1327,0.4776,0.1867,0.2317,0.2787,0.4884,0.4769,0.3172,0.4773,0.5812
1,0.8599,0.2688,0.3507,0.403,0.64,0.4952,0.4754,0.2224,0.3949,0.7615,0.6023,0.6667
1,0.9777,0.3495,0.7678,0.2537,0.52,0.2802,0.6885,0.7582,0.2256,0.5689,0.2614,0.0
1,0.8376,0.2097,0.3002,0.1045,0.4933,0.4,0.2459,0.3868,0.5949,0.2247,0.4091,0.5812
1,0.5987,0.4194,0.4502,0.3284,0.2933,0.2079,0.2131,0.852,0.4821,0.4704,0.2955,0.4188
1,0.758,0.0806,0.4171,0.2537,0.1467,0.304,0.459,0.9971,0.4,0.5317,0.6932,0.1624
1,0.6592,0.4086,0.5008,0.1791,0.1333,0.4,0.6393,0.7002,0.7436,0.7773,0.2386,0.8291
1,0.8185,0.2473,0.3665,0.1045,0.1867,0.1603,0.2623,0.5909,0.4462,0.2421,0.4773,0.5812
1,0.6975,0.3495,0.5166,0.403,0.6,0.2802,0.4918,0.1779,0.4769,0.6103,0.3182,0.2479
1,0.758,0.3763,0.4834,0.4776,0.1733,0.4714,0.5902,0.765,0.2256,0.4305,0.4091,0.7521
1,0.7389,0.2204,0.5671,0.1791,0.64,0.6389,0.2787,0.5619,0.2359,0.5184,0.2841,0.3333
1,0.879,0.3978,0.7678,0.3284,0.6133,0.2079,0.3934,0.7002,0.5846,0.6716,0.625,0.0
1,0.8185,0.2688,0.3839,0.4776,0.52,0.4,0.2951,0.5919,0.2769,0.5572,0.4545,0.6667
1,0.7197,0.4194,0.4834,0.2537,0.2267,0.2563,0.5902,0.4652,0.8974,0.976,0.125,0.2479
0,0.5987,0.2097,0.4502,0.1791,0.0533,0.6389,0.3279,0.881,0.2256,0.5725,0.2614,0.4957
1,0.6783,0.5269,0.5829,0.3284,0.2933,0.304,0.3934,0.1286,0.3538,0.3841,0.5,0.4188
1,0.9777,0.4785,0.6998,0.403,0.5467,0.4476,0.2787,0.234,0.2923,0.6098,0.625,0.3333
1,0.7389,0.2312,0.1659,0.6269,0.4667,0.4714,0.2459,0.5919,0.4769,0.1604,0.4091,0.0
1,0.9172,0.6344,0.2164,0.7015,0.3067,0.1841,0.2951,0.3685,0.8974,0.4704,0.2614,0.5812
1,0.6975,0.1398,0.5166,0.2537,0.3733,0.4,0.6557,0.294,0.2564,0.3596,0.3864,0.8291
1,0.7771,0.2204,0.2828,0.7761,0.48,0.2802,0.377,0.7582,0.3333,0.4137,0.2159,0.0855
1,0.9586,0.3065,0.7504,0.3284,0.44,0.2079,0.2623,0.1692,0.2,0.712,0.4091,0.4957
1,0.6178,0.5645,0.3002,0.7015,0.4133,0.6389,0.3279,0.2718,0.6359,0.7615,0.2955,0.9145
1,0.5987,0.4086,0.267,0.2537,0.52,0.304,0.3934,0.4159,0.6821,0.4162,0.4545,0.6667
1,0.8376,0.3387,0.5008,0.4776,0.5867,0.5675,0.5902,0.5919,0.4205,0.3126,0.2614,0.7521
1,0.6592,0.1989,0.5498,0.6269,0.1333,0.1365,0.3115,0.6586,0.3795,0.4663,0.4318,0.4188
1,0.879,0.3602,0.6509,0.2537,0.2,0.2802,0.7705,0.2747,0.4769,0.5587,0.3182,0.2479
1,0.9172,0.3763,0.5166,0.3284,0.2133,0.6389,0.3934,0.3462,0.6359,0.6609,0.2841,0.4957
1,0.6975,0.2903,0.7346,0.1791,0.64,0.304,0.2787,0.2311,0.4,0.3177,0.125,0.6667
0,0.2803,0.2097,0.4329,0.2537,0.7333,0.2079,0.2951,0.6103,0.2718,0.5746,0.3864,0.0855
1,0.7389,0.3763,0.3839,0.3284,0.0133,0.4,0.377,0.2901,0.5949,0.2625,0.1932,0.2479
0,0.6592,0.2688,0.5829,0.403,0.3333,0.304,0.3115,0.3868,0.4359,0.3682,0.3182,0.4188
0,0.5573,0.0538,0.2338,0.4776,0.4933,0.5675,0.6885,0.1876,0.2769,0.6859,0.625,0.0
1,0.6401,0.3495,1.0,0.6269,0.24,0.1841,0.2787,0.3191,0.3077,0.5909,0.4545,0.1624
1,0.9777,0.3387,0.6335,0.7015,0.5467,0.2802,0.3934,0.677,0.5949,0.1716,0.3409,0.5812
1,0.7197,0.2473,0.3839,0.6269,0.3467,0.4,0.2951,0.2718,0.9026,0.285,0.7159,0.9145
0,0.5987,0.3495,0.3333,0.6269,0.2533,0.2317,0.6393,0.2476,0.4,0.4147,0.5341,0.6667
1,0.8599,0.2581,0.5166,0.3284,0.2267,0.2079,0.2787,0.2834,0.7436,0.9775,0.5568,0.7521
1,0.6975,0.1022,0.5008,0.6269,0.3333,0.6627,0.4918,0.5619,0.3949,0.6798,0.7614,0.6667
0,0.6401,0.2688,0.5671,0.4776,0.3867,0.2563,0.6885,0.3878,0.2256,0.2574,0.4773,0.0
0,0.6178,0.2097,0.3665,0.403,0.28,0.5437,0.3115,0.3714,0.3846,0.3417,0.1932,0.5812
1,0.6783,0.5376,0.4329,0.4776,0.3733,0.2317,0.623,0.3075,0.4769,0.7349,0.2386,0.4188
1,0.9586,0.2903,0.534,0.6269,0.3067,0.6627,0.2623,0.3878,0.9692,0.8233,0.5,0.4957
1,0.9395,0.4462,0.5498,0.7015,0.52,0.2079,0.377,0.2292,0.5949,0.2737,0.7614,0.9145
1,0.9172,0.4355,0.4676,0.2537,0.4133,0.4,0.3279,0.4952,0.4923,0.4193,0.3182,0.6667
1,0.9777,0.2204,0.6003,0.3284,0.6,0.2802,0.3934,0.3868,0.7077,0.4663,0.2955,1.0
1,0.7994,0.2312,0.4502,0.7015,0.6533,0.3754,0.5902,0.234,0.4462,0.5592,0.5,0.5812
0,0.4395,0.2097,0.3002,0.2015,0.1733,0.2563,0.2787,0.3714,0.1744,0.2385,0.2159,0.3333
0,0.3376,0.2903,0.5166,0.0522,0.2133,0.2802,0.8361,0.6779,0.3897,0.1931,0.3182,0.4957
0,0.4395,0.1613,0.5008,0.0299,0.2933,0.519,0.6393,0.5648,0.4769,0.3018,0.5568,0.6667
0,0.6592,0.1129,0.5671,0.0299,0.2133,0.7111,0.377,0.3221,0.7077,0.5853,0.6932,0.2479
0,0.5573,0.2204,0.3665,0.0,0.32,0.3278,0.3115,0.5242,0.5949,0.2661,0.5227,0.9145
0,0.5796,0.3065,0.3333,0.0299,0.2133,0.6627,0.8197,0.2747,0.2769,0.3764,0.5568,0.0
0,0.4395,0.2312,0.3333,0.1493,0.2667,0.5675,0.377,0.4275,0.441,0.3172,0.7159,0.2479
0,0.4586,0.2312,0.6509,0.0448,0.16,0.304,0.6393,0.5348,0.5949,0.7528,0.5341,0.4188
0,0.6178,0.129,0.6335,0.0373,0.1733,0.6627,0.8689,0.5242,0.6667,0.6098,0.7386,0.1624
0,0.5,0.2473,0.4676,0.0672,0.24,0.831,0.5574,0.8037,0.3538,0.4346,0.2614,0.4957
1,0.7389,0.1398,0.267,0.0299,0.28,0.4952,0.2459,0.323,0.2308,0.6823,0.5341,0.3333
0,0.4777,0.1613,0.3333,0.0672,0.2267,0.304,0.6885,0.2718,0.5949,0.4571,0.3409,0.1624
0,0.4395,0.2097,0.3665,0.0821,0.08,0.1841,0.4754,0.381,0.1538,0.6716,0.6477,0.0
1,0.8981,0.2097,0.3665,0.0299,0.6267,0.2802,0.6721,0.6103,0.1641,0.7171,0.2386,0.6667
0,0.3981,0.1613,0.4676,0.1343,0.5333,0.5437,0.6066,0.7089,0.4923,0.5689,0.5341,0.2479
0,0.4586,0.2097,0.5008,0.1567,0.6133,0.4238,0.377,0.5909,0.6667,0.5179,0.5,0.5812
0,0.5,0.1505,0.5498,0.1194,0.1333,0.4,0.6066,0.3269,0.6513,0.4566,0.2955,0.4188
0,0.4777,0.2204,0.6003,0.1045,0.16,0.3278,0.8197,0.5164,0.5077,0.6103,0.2614,0.1624
0,0.6401,0.2473,0.6509,0.1716,0.6,0.4476,0.4754,0.7592,0.2872,0.6696,0.4091,0.7521
0,0.4204,0.2796,0.5829,0.1418,0.5867,0.1365,0.2787,0.3153,0.4308,0.5827,0.3182,0.0
0,0.379,0.2473,0.3507,0.2612,0.4267,0.4952,1.0,0.9033,0.3846,0.5317,0.6477,0.6667
0,0.4395,0.1882,0.3175,0.1343,0.52,0.1841,0.8852,0.4487,0.5846,0.3795,0.125,0.0855
0,0.5382,0.2473,0.8009,0.1493,0.56,0.4476,0.5082,0.353,0.7641,0.4571,0.2614,0.4957
0,0.3376,0.2312,0.7504,0.1567,0.8267,0.7825,0.6557,0.7089,0.4872,0.4295,0.2955,0.0
0,0.5573,0.1505,0.6509,0.1866,0.52,0.4714,0.7213,0.3907,0.3026,0.6088,0.5,0.6667
0,0.4395,0.1613,0.6667,0.2015,0.56,0.3278,0.8525,0.6422,0.359,0.7533,0.7614,0.3333
0,0.0191,0.1129,0.7504,0.1866,0.4933,0.7349,0.4754,0.6615,0.1179,0.3784,0.8409,0.2479
0,0.4777,0.1022,0.5671,0.209,0.3733,0.2079,0.541,0.8356,0.4923,0.6241,0.4773,0.4957
0,0.4586,0.2097,0.6003,0.209,0.44,0.2802,0.6721,0.4323,0.6974,0.5996,0.3409,0.5812
0,0.4777,0.1989,0.3002,0.1866,0.4933,0.5675,0.459,0.881,0.4462,0.8141,0.4091,0.0855
1,0.7994,0.2097,0.267,0.1716,0.16,0.6627,0.8525,0.7398,0.4821,0.2988,0.3182,0.8291
0,0.2389,0.1882,0.3333,0.1866,0.92,0.5675,0.8197,0.4159,0.9026,0.3749,0.6477,0.6667
0,0.4204,0.2796,0.4834,0.209,0.4933,0.1365,0.5082,0.3453,0.7179,0.6394,0.2386,0.9145
0,0.2803,0.2473,0.4676,0.2239,0.4667,0.4952,0.8361,0.6132,0.2205,0.5541,0.5227,0.4957
0,0.4395,0.3065,0.4676,0.1791,0.6267,0.7587,0.5574,0.6963,0.5846,0.8386,0.6023,0.3333
0,0.0605,0.2473,0.6335,0.1642,0.3333,0.831,0.3115,0.3559,0.4,0.3172,0.4091,0.6667
0,0.4586,0.1398,0.3175,0.2313,0.3333,0.5675,0.4426,0.4226,0.3077,0.7104,0.3182,0.5812
0,0.2197,0.2903,0.4171,0.1866,0.32,0.3516,0.8361,0.5909,0.7538,0.5689,0.6023,0.1624
0,0.6401,0.1022,0.4834,0.2313,0.7733,0.5437,0.5246,0.4226,0.3949,0.404,0.2614,0.8291
1,0.758,0.2097,0.6335,0.194,0.6533,0.6151,0.9344,0.6615,0.6308,0.6696,0.3636,0.5812
0,0.4204,0.1613,0.3002,0.2239,0.6667,0.2802,0.4754,0.6161,0.4769,0.5317,0.5,0.2479
0,0.5573,0.2097,0.3665,0.2164,0.5333,0.304,0.3115,0.4487,0.2769,0.3795,0.3409,0.1624
0,0.2389,0.2796,0.6335,0.2612,0.1467,0.5913,0.6885,0.6615,0.2462,0.8279,0.3864,0.0
0,0.4777,0.2097,0.3175,0.0821,0.3067,0.3278,0.4918,0.353,0.5949,0.4142,0.2386,0.5812
0,0.4395,0.2473,0.3507,0.0522,0.2267,0.4952,0.623,0.381,0.6359,0.7263,0.2955,0.8291
0,0.3185,0.2581,0.4171,0.1343,0.1467,0.304,0.7705,0.9004,0.441,0.2477,0.4773,0.6667
0,0.0796,0.2312,0.6509,0.0821,0.1067,0.4476,0.3934,0.7099,0.4769,0.1604,0.3409,0.3333
0,0.5,0.172,0.5008,0.0821,0.1067,0.2802,0.6885,0.7776,0.4359,0.5746,0.2159,0.1624
0,0.3376,0.2796,0.3665,0.1567,0.1867,0.3278,0.4918,0.1006,0.2974,0.3795,0.3182,0.5812
0,0.4586,0.2204,0.4676,0.1194,0.16,0.4952,0.2623,0.852,0.5949,0.5163,0.4773,0.0855
0,0.258,0.2097,0.2828,0.1045,0.1467,0.4238,0.459,0.381,0.4821,0.4571,0.2841,0.5812
0,0.5987,0.1882,0.6335,0.1194,0.16,0.304,0.623,0.2911,0.9436,0.7722,0.3864,0.0
0,0.4395,0.2903,0.4676,0.1194,0.2667,0.2317,0.377,0.5938,0.4769,0.6696,0.6477,0.9145
0,0.0796,0.2581,0.4676,0.1194,0.2,0.4,0.8033,0.8037,0.2462,0.5179,0.2841,0.6667
0,0.4395,0.3065,0.5166,0.1119,0.24,0.2802,0.2459,0.3685,0.5949,0.3172,0.1705,0.0855
0,0.6178,0.2097,0.3665,0.1343,0.1733,0.2079,0.4918,0.911,0.2769,0.4305,0.5341,0.4188
0,0.3599,0.1022,0.3997,0.1418,0.16,0.4,0.2131,0.1325,0.5795,0.6088,0.6932,0.2479
0,0.4395,0.2903,0.6509,0.1418,0.2133,0.304,0.8033,0.6809,0.7436,0.4857,0.2386,0.0
0,0.0796,0.328,0.4676,0.1343,0.12,0.4952,0.541,0.5909,0.3949,0.7094,0.5341,0.8291
0,0.5382,0.2796,0.267,0.1866,0.12,0.7111,0.377,0.381,0.4769,0.6711,0.6477,0.5812
1,0.8185,0.2473,0.2496,0.194,0.2667,0.2079,0.2951,0.7853,0.4359,0.3795,0.2841,0.3333
0,0.4395,0.1989,0.5008,0.2015,0.2133,0.2317,0.6885,0.6683,0.5949,0.4709,0.4545,0.2479
0,0.0191,0.328,0.3507,0.1791,0.4267,0.5437,0.3115,0.3772,0.4769,0.5827,0.6023,0.6667
0,0.5,0.1398,0.2338,0.2015,0.12,0.2079,0.3934,0.5909,0.4462,0.6098,0.3182,0.1624
0,0.2389,0.3065,0.3665,0.2388,0.0933,0.2563,0.4918,0.2234,0.3333,0.7354,0.4091,0.4957
0,0.5382,0.1989,0.534,0.2537,0.1467,0.4238,0.2623,0.1112,0.5949,0.4862,0.2386,0.0855
1,0.758,0.2097,0.6177,0.2463,0.3067,0.2802,0.623,0.6615,0.6359,0.6297,0.5568,0.3333
0,0.4204,0.2204,0.6509,0.2537,0.2133,0.4714,0.2787,0.1267,0.4359,0.3953,0.625,0.0
1,0.8376,0.2903,0.3665,0.291,0.24,0.8063,0.4262,0.4197,0.5949,0.6716,0.2955,0.4188
0,0.4777,0.2903,0.3002,0.291,0.2133,0.2079,0.3115,0.5909,0.4821,0.4305,0.4091,0.8291
0,0.3376,0.1613,0.4676,0.2463,0.1733,0.4714,0.4426,0.4836,0.5949,0.2605,0.4773,0.2479
0,0.379,0.2097,0.5008,0.1642,0.1467,0.2079,0.541,0.295,0.4462,0.6088,0.3864,0.6667
1,0.7389,0.2312,0.3333,0.291,0.1867,0.2317,0.4754,0.3685,0.4769,0.5179,0.2159,0.4957
1,0.8185,0.2473,0.3002,0.3731,0.6667,0.519,0.2131,0.881,0.3538,0.4704,0.5,0.8291
0,0.4395,0.0914,0.3002,0.306,0.2533,0.7349,0.3279,0.0812,0.2308,0.263,0.3182,0.4188
0,0.4777,0.1505,0.3997,0.3955,0.7733,0.2317,0.4426,0.4884,0.6,0.3795,0.4091,0.5812
0,0.4586,0.2204,0.4502,0.3209,0.3333,0.4952,0.459,0.7853,0.6308,0.6711,0.2386,0.0855
0,0.0987,0.2581,0.3839,0.3433,0.28,0.1841,0.7377,0.3868,0.4923,0.4311,0.3409,0.9145
1,0.7389,0.2204,0.3002,0.3358,0.2,0.5437,0.6393,0.1779,0.9846,0.3192,0.625,0.3333
0,0.4204,0.2903,0.3333,0.3582,0.1333,0.4,0.2787,0.2911,0.7538,0.5179,0.2614,0.6667
1,0.9586,0.2796,0.3839,0.3657,0.3867,0.6151,0.4262,0.6683,0.4564,0.3795,0.5,0.0
0,0.4395,0.2796,0.3175,0.4104,0.4133,0.1603,0.6393,0.5909,0.3436,0.6696,0.2955,0.4957
0,0.5,0.1882,0.3002,0.4254,0.56,0.2563,0.2131,0.1267,0.9436,0.4551,0.6932,0.5812
0,0.4586,0.2312,0.3175,0.4328,0.2933,0.4,0.459,0.7553,0.6821,0.5587,0.3182,0.1624
0,0.4395,0.2312,0.1501,0.3955,0.6267,0.304,0.6393,0.3878,0.3846,0.3187,0.4545,0.6667
1,0.7389,0.2312,0.267,0.4851,0.28,0.2079,0.6885,0.3259,0.2769,0.8902,0.3182,0.8291
0,0.4204,0.2796,0.3002,0.4254,0.44,0.3754,0.3279,0.7592,0.5795,0.6696,0.4091,0.4188
1,0.6783,0.2796,0.534,0.7164,0.5467,0.2802,0.3934,0.4207,0.5077,0.5587,0.2841,0.2479
1,0.7389,0.2581,0.4676,0.8134,0.5333,0.304,0.3115,0.8288,0.4462,0.5373,0.2955,0.6667
1,0.6401,0.2688,0.2006,0.6343,0.5067,0.4,0.541,0.5822,0.6308,0.3304,0.2614,0.2479
1,0.8185,0.3495,0.3333,0.6716,0.5467,0.7825,0.4918,0.5735,0.5949,0.2247,0.4091,0.0
1,0.7197,0.4355,0.2338,0.5149,0.6933,0.7111,0.3934,0.4826,0.2103,0.4694,0.3182,0.7521
1,0.7994,0.2903,0.267,0.2015,0.6267,0.519,0.1967,0.4236,0.7897,0.5848,0.2614,0.0855
1,0.8981,0.1613,0.4834,0.5522,0.6,0.4952,0.2623,0.1876,0.5949,0.4867,0.3409,0.4957
1,0.5573,0.4194,0.5829,0.6045,0.5333,0.1841,0.623,0.324,0.6205,0.1854,0.1932,0.6667
1,0.8185,0.2581,0.2496,0.5522,0.5067,0.2079,0.6885,0.4313,0.3949,0.4566,0.3182,0.3333
1,0.7771,0.5054,0.267,0.4925,0.4667,0.304,0.8852,0.5087,0.2564,0.6313,0.7159,0.4957
1,0.8376,0.4462,0.4676,0.4552,0.5467,0.4476,0.3279,0.2398,0.1949,0.4351,0.2955,0.2479
1,0.7994,0.2473,0.0995,0.5075,0.5067,0.2563,0.377,0.3936,0.4154,0.5577,0.4773,0.0855
1,0.5796,0.3495,0.1833,0.5597,0.52,0.5437,0.3115,0.4932,0.7692,0.4019,0.3182,0.6667
1,0.7197,0.172,0.5671,0.4701,0.5867,0.3754,0.6885,0.1654,0.6513,0.3253,0.4091,0.0
1,0.879,0.4194,0.3839,0.4627,0.5467,0.2802,0.6066,0.2273,0.9128,0.2605,0.5568,0.3333
1,0.8599,0.4462,0.267,0.5224,0.6,0.5675,0.4754,0.3356,0.3949,0.2477,0.6932,0.4957
1,0.9395,0.3387,0.2006,0.4701,0.6533,0.2802,0.3443,0.323,0.9897,0.3779,0.3182,0.8291
1,0.8981,0.1398,0.2338,0.5373,0.5467,0.3754,0.3115,0.6547,0.6974,0.1721,0.5,0.4957
0,0.2197,0.1613,0.3665,0.4925,0.5733,0.5675,0.6885,0.8104,0.2769,0.8095,0.2955,0.6667
1,0.8599,0.2312,0.5829,0.5075,0.52,0.7587,0.459,0.6712,0.3897,0.4551,0.625,0.9145
0,0.5796,0.2473,0.6998,0.4478,0.52,0.2079,0.8689,0.5193,0.5128,0.3126,0.2841,0.0
1,0.8981,0.2097,0.1327,0.4627,0.5067,0.5437,0.377,0.354,0.759,0.3529,0.1705,0.4957
0,0.3981,0.1882,0.267,0.4552,0.52,0.7587,0.6885,0.3907,0.4462,0.4704,0.5568,0.0855
1,0.6783,0.2204,0.1659,0.4627,0.6133,0.5437,0.9344,0.8665,0.2308,0.7441,0.5227,0.2479
1,0.6401,0.2097,0.267,0.4254,0.52,0.4,0.459,0.6122,0.5077,0.4816,0.6932,0.0
1,0.7389,0.1989,0.1833,0.3731,0.6667,0.2802,0.2623,0.5,0.8615,0.5592,0.2386,0.9145
0,0.5573,0.2097,0.2164,0.4478,0.5467,0.1841,0.3607,0.3917,0.1538,0.3815,0.2614,0.4957
1,0.7197,0.2473,0.3002,0.3881,0.5333,0.2317,0.2787,0.3075,0.5128,0.8361,0.1932,0.0
0,0.3981,0.2097,0.4171,0.4104,0.4667,0.7111,0.5246,0.7988,0.6513,0.5848,0.3182,0.9145
1,0.6783,0.1989,0.2164,0.4552,0.5067,0.4476,0.7541,0.2244,0.2513,0.3784,0.5,0.6667
1,0.8376,0.2097,0.0332,0.4104,0.6933,0.2802,0.459,0.5551,0.5949,0.7911,0.3864,0.4957
1,0.7771,0.2204,0.4676,0.3657,0.7733,0.4,0.6393,0.4246,0.9128,0.6088,0.2386,0.3333
0,0.4586,0.2473,0.1659,0.4925,0.56,0.2563,0.2623,0.7108,0.1795,0.3774,0.5341,0.0
1,0.9395,0.3065,0.4329,0.6119,0.5067,0.2317,0.8033,0.529,0.4923,0.5807,0.4773,0.0855
0,0.3599,0.0914,0.3002,0.4403,0.2933,0.4476,0.623,0.6789,0.3846,0.3779,0.2955,0.9145
1,0.8981,0.129,0.0995,0.4104,0.24,0.304,0.2459,0.5513,0.1179,0.3126,0.5568,0.8291
0,0.2006,0.2097,0.2338,0.4179,0.6933,0.4952,0.4918,0.3868,0.4769,0.4055,0.6932,0.6667
0,0.6401,0.2312,0.2006,0.5373,0.6133,0.7111,0.8361,0.6103,0.759,0.5587,0.3864,1.0
1,0.5796,0.2473,0.2496,0.4851,0.5733,0.831,0.7049,0.4894,0.959,0.3182,0.2614,0.5812
1,0.8185,0.3065,0.5498,0.4925,0.68,0.5675,0.623,0.7785,0.3795,0.6313,0.5341,0.0
1,0.879,0.2473,0.4329,0.6119,0.7067,0.4238,0.3934,0.881,0.5949,0.5776,0.4091,0.0
1,0.8599,0.2097,0.2828,0.5672,0.8267,0.7825,0.377,0.6896,0.6,0.4796,0.2159,0.5812
1,0.6401,0.8333,0.4329,0.5373,0.56,0.7825,0.3279,0.971,0.4974,0.8902,0.3182,0.5812
2,0.8185,0.9409,0.2496,0.4925,0.64,0.2079,0.2787,0.7089,0.4,0.5884,0.625,0.2479
1,0.7197,0.8817,0.4171,0.4104,0.68,0.4,0.459,0.5909,0.2769,0.5179,0.3409,0.6667
1,0.6783,0.8226,0.5498,0.3881,0.6667,0.2317,0.7377,0.677,0.5949,0.93,0.4091,0.1624
1,0.7389,0.8925,0.4676,0.3209,0.64,0.5437,0.3115,0.3685,0.3846,0.2012,0.2614,0.4957
2,0.8599,0.9624,0.2006,0.3657,0.4667,0.2563,0.7541,0.7843,0.5949,0.6088,0.5,0.0855
2,0.9172,1.0,0.7504,0.4627,0.24,0.4,0.459,0.4197,0.3795,0.3172,0.1705,0.8291
2,0.8185,0.9409,0.3002,0.5373,0.2933,0.1841,0.6393,0.5909,0.4769,0.3795,0.2955,0.5812
2,0.879,0.9785,0.3333,0.5746,0.6,0.4714,0.2131,0.3868,0.4,0.6711,0.4545,0.6667
1,0.6975,0.3387,0.1501,0.3284,0.4133,0.5437,0.8197,0.2911,0.6513,0.7104,0.625,0.0855
1,0.6401,0.4194,0.3175,0.6269,0.4533,0.7349,0.5902,0.7747,0.4205,0.5179,0.2614,0.4957
1,0.8185,0.2796,0.2828,0.4776,0.4667,0.6627,0.6885,0.5629,0.3846,0.4193,0.8409,0.1624
1,0.7994,0.5269,0.1833,0.403,0.3867,0.2802,0.3934,0.3868,0.2256,0.5746,0.3409,0.5812
1,0.6975,0.2097,0.1501,0.6269,0.5467,0.2317,0.2787,0.6683,0.5795,0.4704,0.3864,0.2479
0,0.3376,0.2796,0.2006,0.7015,0.5067,0.4476,0.623,1.0,0.3538,0.2063,0.3182,0.8291
1,0.5796,0.4086,0.1327,0.3284,0.3067,0.5675,0.6885,0.3685,0.4769,0.8902,0.4091,0.3333
1,0.6178,0.3065,0.2164,0.403,0.4267,0.1603,0.2295,0.5909,0.6513,0.6088,0.2159,0.5812
1,0.6401,0.2581,0.3507,0.4776,0.5867,0.7349,0.3115,0.7747,0.3846,0.5332,0.2955,0.1624
1,0.8599,0.3387,0.2164,0.3284,0.5467,0.2317,0.6885,0.4139,0.2051,0.8131,0.2955,0.4188
1,0.8185,0.5269,0.1659,0.2537,0.32,0.4952,0.4426,0.4942,0.4923,0.3544,0.4773,0.1624
1,0.7771,0.328,0.2006,0.1791,0.6,0.6627,0.2623,0.8752,0.3538,0.3172,0.3409,0.4957
1,0.6783,0.3065,0.1501,0.1045,0.5067,0.5437,0.3607,0.6973,0.2821,0.6313,0.1705,0.9145
1,0.6592,0.6344,0.3507,0.3284,0.3867,0.7587,0.6885,0.3317,0.2564,0.4949,0.2955,0.0
1,0.6975,0.3763,0.2828,0.6269,0.3067,0.2317,0.2951,0.4816,0.5128,0.1777,0.5341,0.5812
1,0.758,0.2312,0.2006,0.7015,0.36,0.4952,0.4754,0.5967,0.1949,0.3779,0.6932,0.8291
1,0.7389,0.2796,0.2496,0.2537,0.32,0.5437,0.7377,0.4265,0.7641,0.3161,0.2386,0.4188
1,0.7771,0.3871,0.2338,0.1791,0.44,0.3754,0.2951,0.2582,0.2769,0.6098,0.3409,0.0855
1,0.6401,0.4086,0.3175,0.6791,0.6133,0.7111,0.459,0.3762,0.3333,0.739,0.3864,0.2479
1,0.6592,0.328,0.267,0.4552,0.16,0.4952,0.7049,0.4226,0.4821,0.5746,0.2159,0.4957
1,0.8981,0.3172,0.3175,0.6269,0.1467,0.2079,0.7869,0.2611,0.6821,0.9658,0.5568,0.5812
1,0.7771,0.2903,0.1833,0.4776,0.64,0.304,0.4426,0.736,0.4,0.6716,0.6932,0.8291
1,0.8599,0.3065,0.1833,0.7761,0.2,0.4476,0.8033,0.2263,0.1744,0.6359,0.4091,0.4957
1,0.6178,0.2473,0.4171,0.2537,0.2267,0.5437,0.3279,0.4072,0.5949,0.6614,0.2841,0.6667
1,0.7389,0.0,0.5829,0.6642,0.84,0.3754,0.3934,0.8124,0.9179,0.2114,0.1705,0.0855
1,0.6401,0.3978,0.3665,0.3955,0.72,0.2079,0.9344,0.8801,0.3538,0.3034,0.4318,0.5812
2,0.8599,0.6452,0.2828,0.9701,0.3733,0.5437,0.6885,0.3008,0.5077,0.4648,0.2955,0.9145
2,0.8185,0.586,0.2338,0.3134,0.6,0.7587,0.4918,0.6248,0.2872,0.4091,0.4773,0.6667
1,0.6975,0.1398,0.6667,0.6269,0.32,0.5437,0.5902,0.5126,0.4308,0.6256,0.2841,0.0
1,0.8376,0.4194,0.5829,0.7015,0.2667,0.4,0.4426,0.5986,0.3846,0.3187,0.4773,0.3333
1,0.6783,0.172,0.6509,0.3284,0.1733,0.1841,0.7049,0.6248,0.7641,0.3698,0.3182,0.0855
0,0.379,0.2796,0.2006,0.403,0.64,0.2317,0.3934,0.3017,0.4872,0.7712,0.2614,0.5812
1,0.7197,0.3495,0.6177,0.1045,0.4133,0.4476,0.5082,0.9149,0.3026,0.3023,0.1705,0.1624
1,0.9586,0.2312,0.6335,0.403,0.2933,0.7111,0.8852,0.4072,0.1179,0.6236,0.2955,0.6667
0,0.4395,0.328,0.6003,0.4776,0.2267,0.3754,0.541,0.6103,0.4923,0.2513,0.2159,0.0855
1,0.8599,0.2204,0.684,0.2537,0.6533,0.2563,0.7049,0.3075,0.6974,0.4872,0.5,0.9145
1,0.8185,0.5054,0.684,0.7015,0.4,0.6627,0.4754,0.7766,0.4462,0.5587,0.2386,0.4188
0,0.5987,0.1989,0.3175,0.403,0.5733,0.304,0.541,0.1518,0.4821,0.3172,0.3864,0.2479
1,0.879,0.1505,0.7172,0.7761,0.6,0.5675,0.377,0.5841,0.9026,0.7845,0.4091,0.4957
1,0.8376,0.4462,0.4676,0.2537,0.0133,0.3754,0.7049,0.3781,0.7179,0.1502,0.2614,0.0
1,0.7197,0.2473,0.7346,0.8507,0.2267,0.2079,0.4754,0.6161,0.6205,0.6103,0.4545,0.4188
1,0.7994,0.3387,0.2006,0.3284,0.6533,0.304,0.2459,0.2224,0.2205,0.5807,0.2955,0.2479
1,0.8981,0.2903,0.5008,0.6269,0.4133,0.4238,0.4918,0.705,0.5846,0.7201,0.4318,0.0855
1,0.6592,0.1989,0.1501,0.1045,0.2933,0.2317,0.6721,0.2718,0.4,0.4709,0.3409,0.8291
0,0.4204,0.1022,0.2828,0.7015,0.48,0.5437,0.4918,0.4159,0.3077,0.3284,0.4773,0.6667
1,0.7994,0.2796,0.5166,0.8507,0.7733,0.2802,0.2131,0.1973,0.7538,0.7737,0.2386,0.4957
1,0.9395,0.2312,0.1327,0.9254,0.4,0.4476,0.459,0.2843,0.3949,0.3172,0.1705,0.1624
0,0.5796,0.1613,0.6998,0.7015,0.48,0.4952,0.8525,0.7002,0.7077,0.4556,0.5341,0.4957
1,0.6783,0.1398,0.1659,0.2537,0.56,0.1841,0.3115,0.4942,0.3333,0.1364,0.3864,0.0855
1,0.8376,0.4462,0.7346,0.3284,0.4667,0.304,0.377,0.5629,0.3949,0.6716,0.2841,0.4188
1,0.6975,0.129,0.9336,0.403,0.5067,0.6151,0.3115,0.1876,0.6308,0.3544,0.5341,0.2479
1,0.6592,0.172,0.7172,0.0299,0.2667,0.4,0.6885,0.1867,0.4462,0.4648,0.5227,0.4957
1,0.7389,0.0806,0.6177,0.7015,0.44,0.2802,0.6066,0.2901,0.5949,0.712,0.4773,0.9145
1,0.7197,0.1505,0.5829,0.403,0.6267,0.8063,0.4918,0.4836,0.6205,0.1313,0.4318,0.4188
1,0.7994,0.4785,0.1833,0.4776,0.4267,0.3754,0.7049,0.1876,0.3949,0.1777,0.2386,1.0
0,0.5796,0.1989,0.6509,0.6269,0.52,0.2802,0.3443,0.0812,0.2564,0.358,0.5568,0.0
0,0.6178,0.2312,0.7172,0.7015,0.5867,0.4,0.3279,0.1789,0.1949,0.8131,0.7614,0.5812
1,0.758,0.1882,0.1327,0.8507,0.6267,0.5913,0.377,0.3008,0.4154,0.7395,0.5,0.2479
1,0.9172,0.5054,0.3665,0.3284,0.3333,0.5437,0.623,0.1325,0.7692,0.1042,0.4545,0.6667
1,0.6783,0.2312,0.1659,0.403,0.6533,0.6873,0.7705,0.2398,0.6513,0.4704,0.2614,0.0855
0,0.6401,0.172,0.6335,0.4776,0.1733,0.6627,0.3115,0.2901,0.9128,0.5587,0.2955,0.4957
1,0.9395,0.457,0.2496,0.6269,0.4533,0.5437,0.3607,0.325,0.3949,0.3703,0.1705,0.3333
0,0.5,0.2204,0.6177,0.7015,0.56,0.2317,0.2131,0.2311,0.7692,0.736,0.5341,0.0
1,0.6592,0.2581,0.8341,0.1045,0.0,0.5675,0.4262,0.6876,0.9897,0.9663,0.4318,0.5812
0,0.5796,0.1398,0.2338,0.6269,0.4533,0.7825,0.4918,0.5803,0.6974,0.5689,0.2614,0.1624
0,0.5987,0.1882,0.6509,0.403,0.64,0.2317,0.3115,0.4159,0.2769,0.1318,0.4545,0.8291
1,0.758,0.2796,0.7678,0.4776,0.2133,0.4952,0.7377,0.4942,0.3897,0.4091,0.3182,0.6667
1,0.6592,0.4785,0.8499,0.3284,0.3467,0.6627,0.3934,0.5619,0.5128,0.6711,0.2955,0.9145
0,0.6178,0.1989,0.2496,0.7015,0.5467,0.5437,0.4754,0.4594,0.759,0.4724,0.5,0.0
1,0.6401,0.2688,0.2164,0.1791,0.1733,0.7587,0.6557,0.3191,0.4462,0.5485,0.1705,0.6667
1,0.6783,0.4462,0.3665,0.403,0.2,0.2317,0.7049,0.5909,0.2308,0.4346,0.3182,0.2479
1,0.6592,0.3065,0.3333,0.4179,0.28,0.4952,0.9344,0.3868,0.5077,0.5802,0.4318,0.4957
0,0.4777,0.2473,0.0995,0.5,0.4133,0.5437,0.4918,0.2892,0.8615,0.4862,0.2955,0.4188
0,0.4586,0.2473,0.0995,0.5672,0.6933,0.7111,0.2787,0.294,0.5949,0.2421,0.1705,0.2479
0,0.2803,0.2312,0.3507,0.4254,0.3067,0.519,0.459,0.381,0.4564,0.3682,0.3182,0.9145
0,0.4395,0.2581,0.4171,0.6418,0.3067,0.4952,0.7541,0.5909,0.2769,0.7017,0.2159,0.5812
0,0.5,0.328,0.1501,0.4179,0.8533,0.1841,0.541,0.2553,0.7436,0.5689,0.125,0.0
0,0.4586,0.3065,0.3333,0.3582,0.28,0.2079,0.8361,0.2718,0.4,0.3172,0.5,0.6667
0,0.2803,0.2688,0.2164,0.3433,0.56,0.304,0.3115,0.381,0.2769,0.3795,0.2159,0.1624
0,0.3185,0.172,0.0837,0.2836,0.32,0.4476,0.3934,0.9101,0.1692,0.7717,0.5341,0.2479
1,0.6783,0.3065,0.3839,0.4179,0.4267,0.2563,0.4754,0.381,0.4769,0.4551,0.2386,0.4957
1,0.6592,0.2903,0.3507,0.2463,0.5733,0.5437,0.5902,0.7166,0.7897,0.5827,0.4091,0.0
0,0.5,0.328,0.3333,0.0522,0.44,0.1603,0.2131,0.853,0.9128,0.5347,0.1705,0.4957
1,0.6783,0.5376,0.2496,0.709,0.4267,0.4714,0.2787,0.1876,0.3846,0.3177,0.7386,0.0855
1,0.6975,0.5538,0.3002,0.0448,0.8133,0.2079,0.459,0.5909,0.4308,0.7222,0.2614,0.0
1,0.6401,0.4946,0.5008,0.3582,0.44,0.7349,0.6393,0.1006,0.4769,0.5179,0.4091,0.8291
0,0.4204,0.3495,0.4676,0.4627,0.7467,0.5675,0.7705,0.6586,0.6359,0.3795,0.3182,0.6667
0,0.3981,0.3387,0.3175,0.2687,0.3867,0.1841,0.7049,0.294,0.7641,0.3172,0.7727,0.4188
0,0.5191,0.328,0.2828,0.3507,0.68,0.519,0.6393,0.4845,0.3538,0.4668,0.4091,0.6667
0,0.4777,0.3602,0.7678,0.6269,0.3867,0.2079,0.459,0.7853,0.2872,0.5179,0.2614,0.0855
0,0.4395,0.328,0.3333,0.0373,0.36,0.4,0.7377,0.1306,0.5949,0.4305,0.4545,0.4957
0,0.4586,0.2581,0.3507,0.4104,0.56,0.2563,0.3115,0.5909,0.4564,0.7737,0.2955,0.1624
0,0.5191,0.3978,0.5829,0.0672,0.3733,0.2302,0.3607,0.0222,0.1795,0.311,0.7386,0.265
1,0.4586,0.3495,0.9005,0.0373,0.24,0.6587,0.4918,0.0174,0.2205,0.2686,0.6591,0.3077
1,0.7389,0.4194,0.6335,0.0896,0.7067,0.4048,0.5738,0.0203,0.2154,0.3177,0.8977,0.4017
0,0.5573,0.2903,0.267,0.0746,0.2133,0.2381,0.3607,0.0126,0.2769,0.3585,0.6705,0.5128
0,0.4586,0.3495,0.3175,0.1045,0.5867,0.7302,0.4754,0.0058,0.2667,0.3218,0.8068,0.3504
0,0.379,0.3387,0.3507,0.3284,0.5333,0.4127,0.541,0.0996,0.1128,0.5169,0.8864,0.3504
0,0.5382,0.3172,0.6667,0.403,0.2267,0.246,0.6721,0.0,0.0615,0.1021,0.5114,0.265
1,0.7197,0.4194,0.3665,0.291,0.5733,0.1667,0.5082,0.0097,0.1487,0.3064,0.2841,0.1197
0,0.4586,0.4194,0.2338,0.2463,0.8267,0.246,0.5246,0.0851,0.1692,0.1742,0.9659,0.4444
1,0.8981,0.3602,0.2828,0.306,0.3867,0.4365,0.459,0.1451,0.0923,0.3126,0.8068,0.2393
0,0.5573,0.3978,0.3333,0.3358,0.6133,0.0873,0.5082,0.1074,0.1487,0.1537,0.8977,0.4957
0,0.4395,0.4086,0.3175,0.2388,0.9067,0.3968,0.4098,0.1064,0.1949,0.3177,0.8068,0.3077
1,0.7994,0.2903,0.3839,0.3358,0.2933,0.3413,0.4262,0.0783,0.1641,0.498,0.7386,0.4017
1,1.0,0.2796,0.4834,0.403,0.56,0.881,0.3115,0.0725,0.0872,0.1634,0.4205,0.188
1,0.6975,0.129,0.7172,0.4776,0.5067,0.381,0.3443,0.0126,0.0667,0.0904,0.0114,0.3077
1,1.0,0.129,0.6003,0.1791,0.5067,0.6587,0.0,0.0667,0.0615,0.0,0.4205,0.188
1,0.7771,0.3065,0.8009,0.3284,0.5733,0.2222,0.4754,0.0358,0.1179,0.1634,0.9091,0.5385
0,0.4777,0.2204,0.7504,0.403,0.36,0.0159,0.2131,0.1044,0.0,0.1522,0.3068,0.1709
0,0.5191,0.0806,0.8167,0.6269,0.16,0.3413,0.541,0.0,0.0667,0.1685,0.7614,0.4017
2,0.758,0.2312,0.4502,0.7015,0.52,0.2937,0.4262,0.0097,0.0718,0.2206,0.7386,0.3504
2,0.6592,0.4086,0.3665,0.6269,0.2267,0.4365,0.4098,0.089,0.0667,0.2324,0.625,0.3504
1,0.5796,0.2473,0.5166,0.0299,0.6533,0.5714,0.1639,0.1219,0.0769,0.6374,0.3409,0.3504
1,0.6975,0.5376,0.5829,0.7015,0.4133,0.3968,0.5246,0.1044,0.1231,0.3115,0.625,0.265
1,0.6401,0.2581,0.2164,0.1791,0.2133,0.4127,0.1639,0.0783,0.0513,0.9556,0.4545,0.188
1,0.7197,0.2204,0.3175,0.4776,0.5067,0.246,0.6066,0.0851,0.0923,0.3166,0.3295,0.3077
1,0.8599,0.2312,0.4834,0.3284,0.6133,0.4444,0.3115,0.1605,0.0923,0.6777,0.4659,0.3077
1,0.8376,0.2473,0.5829,0.9254,0.4,0.0,0.2131,0.1905,0.0256,0.9168,0.5,0.4017
1,0.9395,0.2903,0.4329,0.8507,0.3333,0.4365,0.2131,0.1354,0.1077,0.6655,0.3977,0.3077
1,0.8185,0.1989,0.5671,0.7761,0.4267,0.4444,0.4098,0.0271,0.1128,0.0592,0.4659,0.2137
1,0.9586,0.2581,0.5671,0.7015,0.44,0.7286,1.0,0.0967,0.0667,0.3749,0.3182,0.188
2,0.879,0.4355,0.6003,1.0,0.6267,0.1667,0.3115,0.1112,0.0462,0.7053,0.1477,0.188
1,0.6401,0.2581,0.4676,0.7015,0.3867,0.2222,0.4426,0.06,0.0974,0.046,0.5795,0.4701
1,0.9172,0.3065,0.8341,0.7015,0.3333,0.2619,0.4754,0.0513,0.0667,0.1542,0.6705,0.4188
2,1.0,0.4462,0.6003,0.6269,0.5867,0.1746,0.459,0.0648,0.1128,0.0521,0.8977,0.3761
1,0.758,0.2097,0.4676,0.403,0.1333,0.246,0.5082,0.089,0.1077,0.4101,0.8409,0.4017
0,0.4395,0.2903,0.5498,0.4776,0.64,0.3413,0.541,0.058,0.1436,0.3698,0.7386,0.4017
1,0.8981,0.2796,0.6177,0.1045,0.48,0.4444,0.3934,0.0251,0.1641,0.1113,0.6705,0.4188
1,0.9777,0.2312,0.534,0.2537,0.1867,0.3095,0.4426,0.1083,0.1128,0.4147,0.7386,0.3333
1,0.879,0.2097,0.5166,0.403,0.7867,0.0079,0.0656,0.1199,0.1231,0.1333,0.3409,0.4188
1,0.4395,0.5376,0.3002,0.6269,0.3467,0.0714,0.0,0.119,0.0564,1.0,0.1818,0.4701
1,0.8981,0.2473,0.4502,0.7015,0.8267,0.0714,0.0,0.119,0.0564,1.0,0.1818,0.4701
1,0.8599,0.2903,0.6667,0.2537,0.1333,0.4444,0.2951,0.1605,0.1949,0.6777,0.25,0.3077
1,0.9172,0.2204,0.4834,0.403,0.2267,0.373,0.1967,0.0484,0.2103,0.1532,0.0341,0.1709
1,0.7389,0.6237,0.5829,0.9254,0.24,0.4714,0.4426,0.1973,0.3077,0.6256,0.4773,0.3333
1,0.6975,0.3387,0.684,0.7761,0.56,0.7825,0.623,0.6712,0.4769,0.2247,0.2159,0.5812
1,0.6178,0.4677,0.3002,0.3284,0.7067,0.2079,0.2623,0.295,0.5897,0.4857,0.4091,0.0
1,0.6592,0.4946,0.2496,0.7015,0.2133,0.5437,0.1967,0.8549,0.3487,0.7375,0.125,0.5812
1,0.7197,0.6237,0.4834,0.2537,0.5867,0.7587,0.4098,0.4197,0.2256,0.3172,0.2614,0.8291
1,0.758,0.5753,0.3997,0.6269,0.5333,0.5437,0.6885,0.587,0.5949,0.8902,0.4545,0.6667
1,0.7389,0.5161,0.267,0.1791,0.2267,0.4,0.2951,0.0812,0.6667,0.5858,0.2159,0.2479
1,0.6783,0.672,0.3002,0.2537,0.5733,0.304,0.3934,0.5841,0.2308,0.3795,0.2841,0.6667
1,0.8376,0.5645,0.3333,0.7015,0.4133,0.4952,0.3115,0.7776,0.1231,0.6593,0.2955,0.3333
1,0.6592,0.586,0.951,0.403,0.8267,0.1365,0.5902,0.1074,0.3538,0.4305,0.4091,0.0
1,0.7197,0.6344,0.8009,0.8507,0.5067,0.2802,0.459,0.4159,0.2564,0.5884,0.2841,0.4957
1,0.7994,0.2903,0.5498,0.7761,0.36,0.8063,0.2623,0.294,0.2718,0.9913,0.625,0.8291
1,0.8981,0.3763,0.4171,0.7015,0.3867,0.5437,0.8197,0.7089,0.1436,0.7263,0.3182,0.5812
1,0.7771,0.2097,0.2006,0.2537,0.6133,0.4476,0.6885,0.5648,0.6513,0.5337,0.4091,0.0855
1,0.879,0.2473,0.3665,0.1791,0.9067,0.2563,0.4098,0.7737,0.5026,0.3795,0.5568,0.5812
1,0.7994,0.3978,0.684,0.7015,0.2533,0.1365,0.3115,0.294,0.9487,0.4724,0.6932,0.0
1,0.9172,0.6129,0.5008,0.4776,0.2267,0.519,0.3115,0.0812,0.4,0.6716,0.4773,0.8291
1,0.9395,0.3871,0.5671,0.6269,0.16,0.6627,0.3934,0.2224,0.2154,0.5485,0.4091,0.1624
1,0.758,0.3978,0.267,0.2537,0.76,0.2079,0.7049,0.6712,0.1538,0.3795,0.7727,0.5812
1,0.8376,0.4785,0.3175,0.3284,0.2667,0.5437,0.6393,0.294,0.1897,0.4821,0.9318,0.0
1,0.7994,0.2796,0.6335,0.6269,0.5467,0.1841,0.3279,0.852,0.5282,0.4295,0.2614,0.6667
1,0.8185,0.3065,0.2164,0.7313,0.6533,0.5437,0.5246,0.381,0.3487,0.2063,0.5,0.1624
1,0.9395,0.5376,0.2828,0.0448,0.3733,0.6627,0.4918,0.2911,0.4205,0.3172,0.6705,0.4957
1,0.8981,0.5753,0.3175,0.6642,0.24,0.2802,0.4262,0.5803,0.2769,0.6098,0.3182,0.0
1,0.7994,0.6452,0.1833,0.0597,0.3067,0.3754,0.541,0.381,0.2308,0.5317,0.4091,0.5812
1,0.8599,0.586,0.2496,0.4925,0.4133,0.7111,0.6885,0.1838,0.3179,0.4305,0.2841,0.4188
1,0.879,0.2903,0.2164,0.5299,0.16,0.6873,0.3934,0.7553,0.5949,0.1604,0.5227,0.2479
1,0.8376,0.3978,0.4171,0.6866,0.68,0.2317,0.3115,0.2718,0.5128,0.3596,0.6932,0.0
1,0.9172,0.4194,0.6003,0.7463,0.4133,0.5437,0.2131,0.4159,0.1487,0.4571,0.3182,0.1624
1,0.758,0.6129,0.2006,0.0672,1.0,0.2802,0.4098,0.5841,0.5795,0.7768,0.5568,0.6667
1,0.5987,0.5538,0.3997,0.6791,0.2667,0.6873,0.3279,0.1006,0.4359,0.5848,0.1705,0.2479
1,0.8376,0.5269,0.3333,0.0373,0.2933,0.4,0.5574,0.6712,0.1436,0.879,0.5227,0.0855
1,0.7197,0.7043,0.1327,0.0522,0.4,0.304,0.6885,0.2718,0.5795,0.5347,0.7727,0.3333
1,0.6783,0.7742,0.3333,0.709,0.3467,0.3754,0.3934,0.381,0.4974,0.6359,0.2386,0.8291
1,0.5796,0.1989,0.3665,0.0448,0.4133,0.2802,0.3115,0.294,0.4308,0.3795,0.5341,0.5812
1,0.8981,0.5269,0.267,0.3582,0.12,0.8063,0.2459,0.7592,0.2462,0.8279,0.2159,0.2479
1,0.8185,0.6129,0.3507,0.4627,0.32,0.2317,0.4918,0.5803,0.5795,0.712,0.5568,0.3333
1,0.6592,0.5538,0.2828,0.2687,0.64,0.1841,0.5902,0.0812,0.4923,0.9811,0.6705,0.4188
2,0.8599,0.6129,0.4171,0.3507,0.5467,0.4476,0.459,0.1015,0.6564,0.6088,0.2614,0.6667
2,0.9395,0.5538,0.3175,0.6269,0.12,0.2317,0.2787,0.4884,0.5949,0.3136,0.4773,0.3333
1,0.5796,0.586,0.2338,0.0373,0.5867,0.4952,0.4262,0.1006,0.4462,0.6088,0.1932,0.6667
1,0.7994,0.5269,0.5498,0.4104,0.48,0.6389,0.541,0.2718,0.2256,0.3795,0.5341,0.0
1,0.7771,0.5376,0.4676,0.2836,0.8667,0.2317,0.7213,0.7089,0.5795,0.2247,0.625,0.8291
1,0.8376,0.6452,0.6509,0.306,0.8933,0.4476,0.623,0.5919,0.2769,0.4142,0.2386,0.5812
1,0.8185,0.6129,0.2828,0.3358,0.2933,0.1365,0.2623,0.1267,0.7333,0.6098,0.5,0.4188
1,0.8981,0.4086,0.5166,0.3507,0.2933,0.2802,0.4426,0.4168,0.4769,0.3172,0.3182,0.4957
1,0.7771,0.4677,0.3997,0.4179,0.9733,0.5437,0.7377,0.9101,0.3846,0.4709,0.4318,0.0855
1,0.7389,0.0,0.5829,0.291,0.4267,0.6627,0.6393,0.7582,0.2769,0.7732,0.2955,0.2479
1,0.6783,0.4194,0.6509,0.3806,0.4133,0.4952,0.2787,0.9681,0.3385,0.7206,0.3864,0.8291
1,0.758,0.5269,0.2828,0.9179,0.4933,0.2079,0.4262,0.5909,0.4769,0.6711,0.2614,0.1624
1,0.6975,0.6828,0.5671,0.3134,0.8267,0.5437,0.3279,0.4159,0.3333,0.4305,0.4091,0.6667
1,0.7389,0.5645,0.267,0.291,0.6667,0.6627,0.2131,0.7089,0.4308,0.5689,0.3182,0.3333
1,0.9395,0.5161,0.534,0.3433,0.8667,0.519,0.6066,0.1625,0.4923,0.5179,0.5,0.0855
1,0.7994,0.1989,0.3175,0.2015,0.1067,0.2079,0.4262,0.2911,0.4,0.3795,0.6477,0.4188
1,0.758,0.3495,0.4329,0.8507,0.24,0.4,0.2787,0.7089,0.6308,0.3126,0.8409,0.0
1,0.5,0.328,0.3333,0.2463,0.8533,0.2317,0.4918,0.381,0.3846,0.4055,0.2614,0.1624
1,0.6783,0.5376,0.2496,0.291,0.8667,0.1841,0.2131,0.2718,0.6103,0.7201,0.4091,0.4957
1,0.6975,0.5538,0.3002,0.2836,0.52,0.5437,0.5246,0.7582,0.6513,0.4551,0.625,0.6667
1,0.6401,0.4946,0.5008,0.7015,0.5733,0.2079,0.3934,0.2911,0.3385,0.5894,0.2614,0.2479
1,0.8599,0.4194,0.3175,0.3507,0.7067,0.2317,0.8197,0.6112,0.3949,0.1762,0.5568,0.3333
0,0.5573,0.2581,0.3333,0.3358,0.9067,0.2079,0.4754,0.6615,0.4769,0.3529,0.7159,0.1624
0,0.4395,0.3495,0.7172,0.3284,0.4133,0.304,0.2787,0.4004,0.7897,0.4816,0.5341,0.9145
0,0.4204,0.3387,0.3333,0.4179,0.3867,0.4,0.4754,0.7882,0.1282,0.1997,0.2955,0.6667
1,0.6592,0.2796,0.3175,0.4403,0.44,0.2079,0.8852,0.6586,0.959,0.5848,0.2614,0.1624
0,0.4204,0.3172,0.3333,0.3806,0.44,0.2802,0.5082,0.4594,0.9846,0.1578,0.5341,0.8291
0,0.4395,0.2903,0.7172,0.3881,0.8133,0.4,0.7213,0.5213,0.3949,0.5715,0.6477,0.0855
0,0.5382,0.4194,0.8167,0.291,0.44,0.1841,0.541,0.8549,0.6308,0.4704,0.5,0.3333
0,0.5191,0.3387,0.3333,0.3582,0.7467,0.4,0.6721,0.5938,0.7231,0.2605,0.2159,0.4188
0,0.6178,0.2473,0.3175,0.3806,0.3867,0.304,0.459,0.6963,0.3641,0.5587,0.2955,0.7521
0,0.5796,0.2903,0.4171,0.3433,0.68,0.3754,0.8525,0.7582,0.6308,0.3172,0.2614,1.0
1,0.6401,0.328,0.3839,0.209,0.36,0.6627,0.3279,0.8839,0.5846,0.5894,0.3182,0.4188
1,0.6783,0.3387,0.2006,0.4925,0.56,0.6627,0.3279,0.8839,0.5846,0.5894,0.3182,0.4188
2,0.8185,0.586,0.2338,0.3134,0.6,0.4714,0.4754,0.5029,0.4103,0.4566,0.6477,0.4957
0,0.6401,0.3978,0.3665,0.3955,0.72,0.2802,0.6885,0.5406,0.2154,0.3682,0.1705,0.0
2,0.8599,0.6452,0.2828,0.9701,0.3733,0.1365,0.8361,0.7166,0.4769,0.5894,0.2614,0.9145
1,0.6975,0.3387,0.684,0.7388,0.56,0.304,0.5738,0.3781,0.6308,0.5771,0.3182,0.4188
1,0.6592,0.4946,0.2496,0.3806,0.2133,0.4,0.459,0.4836,0.3949,0.6609,0.4773,0.5812
1,0.7197,0.6237,0.4834,0.1642,0.5867,0.1841,0.5246,0.6712,0.3385,0.3023,0.3409,0.0
1,0.758,0.5753,0.3997,0.1791,0.5333,0.5675,0.8197,0.3201,0.5128,0.6098,0.4091,0.4188
1,0.7389,0.5161,0.267,0.1194,0.2267,0.2079,0.4426,0.7553,0.6359,0.4648,0.3182,0.0855
1,0.6783,0.672,0.3002,0.0373,0.5733,0.4238,0.6885,0.8559,0.1846,0.2247,0.6477,0.9145
2,0.8376,0.5645,0.3333,0.1269,0.4133,0.2802,0.3279,0.4487,0.3538,0.4704,0.2386,0.6667
1,0.6592,0.586,0.951,0.0299,0.8267,0.3278,0.6393,0.2756,0.2667,0.5347,0.5,0.0
1,0.7197,0.6344,0.8009,0.0373,0.5067,0.3754,0.8852,0.7872,0.7385,0.6593,0.3182,0.1624
1,0.7994,0.2903,0.5498,0.0299,0.36,0.7349,0.5738,0.4246,0.959,0.3299,0.5568,0.4957
1,0.8981,0.3763,0.4171,0.0299,0.3867,0.4476,0.6721,0.5909,0.7487,0.4556,0.1705,0.0
1,0.7771,0.2097,0.2006,0.0448,0.6133,0.304,0.9672,0.4516,0.2205,0.429,0.2159,0.0855
1,0.879,0.2473,0.3665,0.0299,0.9067,0.4238,0.7377,0.6712,0.1538,0.5352,0.3182,0.7521
1,0.7994,0.3978,0.684,0.0522,0.2533,0.304,0.4918,0.5822,0.1949,0.1318,0.5,0.8291
2,0.9172,0.6129,0.5008,0.6418,0.2267,0.2802,0.4426,0.5126,0.7487,0.4872,0.2386,0.2479
1,0.9395,0.3871,0.5671,0.0373,0.16,0.5675,0.541,0.8723,1.0,0.736,0.5568,0.4957
1,0.758,0.3978,0.267,0.0299,0.76,0.6389,0.9344,0.4178,0.4462,0.5373,0.5,0.7521
2,0.8376,0.4785,0.3175,0.2761,0.2667,0.2079,0.6885,0.853,0.2308,0.3304,0.6932,0.0
1,0.7994,0.2796,0.6335,0.3358,0.5467,0.4714,0.2951,0.4236,0.4923,0.2247,0.2955,0.1624
1,0.8185,0.3065,0.2164,0.7313,0.6533,0.1841,0.6393,0.7176,0.8667,0.4694,0.5568,0.7521
2,0.9395,0.5376,0.2828,0.0448,0.3733,0.304,0.3279,0.324,0.2769,0.5848,0.4091,1.0
2,0.8981,0.5753,0.3175,0.6642,0.24,0.3754,0.4262,0.8056,0.4769,0.4867,0.6705,0.0
2,0.7994,0.6452,0.1833,0.0597,0.3067,0.2802,0.1311,0.5706,0.3897,0.1854,0.1705,0.4957
2,0.8599,0.586,0.2496,0.4925,0.4133,0.1841,0.2787,0.2747,0.4821,0.4566,0.3182,0.3333
1,0.879,0.2903,0.2164,0.5299,0.16,0.2802,0.3934,0.7495,0.8,0.6313,0.4318,0.6667
1,0.8376,0.3978,0.4171,0.6866,0.68,0.5675,0.1967,0.8143,0.9846,0.4351,0.2955,0.2479
1,0.9172,0.4194,0.6003,0.7463,0.4133,0.4476,0.4426,0.4333,0.3077,0.5577,0.7159,0.1624
1,0.6401,0.328,0.3839,0.209,0.36,0.1841,0.4262,0.7785,0.1846,0.4019,0.3864,0.0
1,0.6783,0.3387,0.2006,0.4925,0.56,0.4,0.541,0.325,0.2769,0.3253,0.2955,0.3333
2,0.8185,0.586,0.2338,0.3134,0.6,0.304,0.8033,0.4226,0.4769,0.6711,0.5341,0.8291
0,0.6401,0.3978,0.3665,0.3955,0.72,0.7111,0.5902,0.6915,0.9128,0.5373,0.6477,0.6667
